カテゴリ,ハッシュタグ,使い方・タイミング,優先度
育児_常時,#ベビーグッズ,育児グッズ全般に毎回使う,★★★
育児_常時,#育児グッズ,育児グッズ全般に毎回使う,★★★
育児_常時,#0歳育児,0歳の子がいる今限定で使える強いタグ,★★★
育児_常時,#赤ちゃんのいる生活,ライフスタイル系・共感されやすい,★★★
育児_常時,#ベビーコーデ,服・スタイ・帽子など服飾系に,★★★
育児_常時,#出産祝い,ギフト需要を取り込む。プレゼント検索が多い,★★★
育児_常時,#出産準備,妊婦さんの検索に刺さる,★★★
育児_常時,#ベビーギフト,ギフト訴求全般に使える,★★★
育児_常時,#ウチの子かわいい！,ピックアップ頻出タグ。2026年も継続確認済み,★★★
育児_常時,#新米ママ,共感コミュニティタグ,★★
育児_常時,#育休中,同じ立場のママに刺さる,★★
育児_常時,#ワンオペ育児,共感多数・拡散されやすい,★★
育児_常時,#子育てグッズ,幼児〜にも使えるロングテール,★★
育児_常時,#ベビー用品,幅広い商品に使える,★★
育児_常時,#マタニティライフ,2026年4月ピックアップに登場,★★
育児_常時,#おうちで知育,室内おもちゃ・絵本系に,★★
グルメ_常時,#お取り寄せ,グルメ全般の最重要タグ,★★★
グルメ_常時,#お取り寄せグルメ,グルメ全般の最重要タグ,★★★
グルメ_常時,#お取り寄せスイーツ,スイーツ系に毎回使う,★★★
グルメ_常時,#手土産スイーツ,プレゼント需要を取り込む,★★★
グルメ_常時,#グルメギフト,ギフト需要。母の日・父の日時期に特に強い,★★★
グルメ_常時,#無添加,赤ちゃんがいるママの検索に刺さる,★★★
グルメ_常時,#無添加食品,赤ちゃんがいるママの検索に刺さる,★★★
グルメ_常時,#ご当地グルメ,ふるさと納税・地方食品に使える,★★
グルメ_常時,#おうちカフェ,スイーツ系全般に,★★
グルメ_常時,#我が家のお取り寄せ,2026年3月ピックアップに登場。ストーリー性が出る,★★
グルメ_常時,#ご当地ラーメン,2026年1月ピックアップ実績あり,★★
グルメ_常時,#冷凍食品,2026年2月ピックアップ実績あり。手軽さ訴求,★★
楽天ROOM専用,#楽天ルーム,楽天ROOM内で検索される,★★★
楽天ROOM専用,#楽天ROOM,楽天ROOM内で検索される,★★★
楽天ROOM専用,#楽天購入品,購入実績を示して信頼性UP,★★★
楽天ROOM専用,#楽天お買い物マラソン,マラソン期間中は必須,★★★
楽天ROOM専用,#楽天まとめ,コレクション投稿時に,★★
楽天ROOM専用,#楽天マラソン,マラソン期間中は必須,★★
5月_イベント,#母の日ギフト,5月第2日曜（5/10）に向けて5/1〜9に使う,★★★
5月_イベント,#母の日,最重要。5/1〜5/10まで使い続ける,★★★
5月_イベント,#母の日スイーツ,グルメ投稿の母の日バージョン,★★★
5月_イベント,#こどもの日,5/1〜5/5に使う,★★★
5月_イベント,#鯉のぼり,GW前後・こどもの日テーマに,★★★
5月_イベント,#ゴールデンウィーク,GW前後の投稿に,★★
5月_イベント,#兜,こどもの日・五月人形テーマに,★★
5月_イベント,#父の日ギフト,5月中旬から先取りで使い始める,★★
5月_イベント,#ベビー日焼け止め,2025年5月ピックアップ実績,★★
5月_イベント,#ラッシュガード,5月下旬〜夏支度で使う,★★
5月_イベント,#マザーズバッグ,母の日コンテンツと相性◎,★★
6月_イベント,#父の日,6/1〜6/21まで使い続ける最重要タグ,★★★
6月_イベント,#父の日ギフト,6月の最重要タグ,★★★
6月_イベント,#父の日グルメ,グルメ系の父の日バージョン,★★★
6月_イベント,#梅雨対策,6月上旬〜7月上旬,★★
6月_イベント,#レインカバー,ベビーカーのレインカバーは超需要あり,★★
6月_イベント,#水遊びグッズ,6月下旬〜7月,★★
6月_イベント,#ビニールプール,6月下旬〜7月,★★
6月_イベント,#リンクコーデ,パパ×赤ちゃんのリンクコーデ,★★
7月_イベント,#七夕,7/1〜7/7に使う,★★★
7月_イベント,#浴衣,7月全体,★★★
7月_イベント,#キッズ浴衣,7月全体,★★★
7月_イベント,#夏祭り,7月全体,★★
7月_イベント,#夏休み,7月下旬〜8月,★★
7月_イベント,#室内遊び,夏の暑い日の在宅育児テーマ,★★
7月_イベント,#ベビー日焼け止め,夏の必需品として毎年来る,★★★
7月_イベント,#かき氷,夏スイーツの定番,★★
7月_イベント,#ふるさと納税,夏のふるさと納税（フルーツ・アイス系）,★★
7月_イベント,#冷感グッズ,夏の育児あるある。保冷剤・冷感マットなど,★★
8〜12月_先出し,#ハロウィン,9月下旬〜10月末,★★
8〜12月_先出し,#クリスマスギフト,11月〜12月,★★★
8〜12月_先出し,#ふるさと納税,年末は年間最高需要,★★★
8〜12月_先出し,#クリスマスプレゼント,11月〜12月,★★★
8〜12月_先出し,#ファーストクリスマス,赤ちゃん初クリスマスの需要は爆発的,★★★
通年_ニッチ強,#ベビーのいる暮らし,競合少なめ・共感系,★★
通年_ニッチ強,#ベビーとの暮らし,競合少なめ・共感系,★★
通年_ニッチ強,#産後ママ,産後の敏感な時期のニーズに刺さる,★★
通年_ニッチ強,#産後グッズ,産後ケア商品に,★★
通年_ニッチ強,#子どもと食べたい,グルメ×育児の橋渡しタグ,★★
通年_ニッチ強,#離乳食グッズ,0歳ならではの強いニッチタグ,★★★
通年_ニッチ強,#ベビー食器,離乳食時期にしか刺さらない今だけのタグ,★★★
通年_ニッチ強,#離乳食,0歳育児のリアルタイムニーズ,★★★
